ds,sku,y,orders,stock
2019-01-01,303-103569,0.0,36.0,0
2019-02-01,303-103569,0.0,132.0,12
2019-03-01,303-103569,0.0,12.0,1320
2019-04-01,303-103569,0.0,60.0,1308
2019-05-01,303-103569,0.0,444.0,1236
2019-06-01,303-103569,0.0,204.0,852
2019-07-01,303-103569,0.0,144.0,612
2019-08-01,303-103569,0.0,120.0,444
2019-09-01,303-103569,0.0,180.0,300
2019-10-01,303-103569,0.0,180.0,108
2019-11-01,303-103569,0.0,156.0,648
2019-12-01,303-103569,0.0,12.0,456
2020-01-01,303-103569,12.0,12.0,444
2020-02-01,303-103569,72.0,72.0,432
2020-03-01,303-103569,36.0,252.0,360
2020-04-01,303-103569,24.0,12.0,324
2020-05-01,303-103569,72.0,144.0,300
2020-06-01,303-103569,204.0,156.0,228
2020-07-01,303-103569,24.0,24.0,48
2020-08-01,303-103569,216.0,192.0,24
2020-09-01,303-103569,72.0,24.0,528
2020-10-01,303-103569,240.0,180.0,456
2020-11-01,303-103569,36.0,60.0,216
2020-12-01,303-103569,0.0,0.0,179
2021-01-01,303-103569,888.0,876.0,191
2021-02-01,303-103569,132.0,60.0,23
2021-03-01,303-103569,72.0,72.0,611
2021-04-01,303-103569,204.0,120.0,539
2021-05-01,303-103569,264.0,240.0,335
2021-06-01,303-103569,71.0,59.0,71
2021-07-01,303-103569,0.0,216.0,0
2021-08-01,303-103569,216.0,132.0,0
2021-09-01,303-103569,0.0,0.0,504
2021-10-01,303-103569,36.0,36.0,504
2021-11-01,303-103569,132.0,300.0,468
2021-12-01,303-103569,0.0,12.0,336
2022-01-01,303-103569,12.0,0.0,324
2022-02-01,303-103569,180.0,192.0,324
2022-03-01,303-103569,144.0,120.0,144
2022-04-01,303-103569,0.0,0.0,0
2022-05-01,303-103569,0.0,0.0,0
2022-06-01,303-103569,0.0,144.0,0
2022-07-01,303-103569,0.0,0.0,0
2022-08-01,303-103569,0.0,156.0,0
2022-09-01,303-103569,0.0,60.0,0
2022-10-01,303-103569,168.0,36.0,0
2022-11-01,303-103569,144.0,144.0,588
2022-12-01,303-103569,12.0,0.0,444
2023-01-01,303-103569,192.0,156.0,432
2023-02-01,303-103569,0.0,0.0,240
2023-03-01,303-103569,0.0,0.0,240
2023-04-01,303-103569,48.0,60.0,240
2023-05-01,303-103569,48.0,84.0,192
2023-06-01,303-103569,120.0,96.0,168
2023-07-01,303-103569,72.0,192.0,72
2023-08-01,303-103569,48.0,0.0,48
2023-09-01,303-103569,12.0,96.0,0
2023-10-01,303-103569,60.0,12.0,60
2023-11-01,303-103569,12.0,0.0,0
2023-12-01,303-103569,0.0,24.0,0
2024-01-01,303-103569,0.0,252.0,0
2024-02-01,303-103569,72.0,24.0,0
2024-03-01,303-103569,0.0,0.0,0
2024-04-01,303-103569,0.0,36.0,0
2024-05-01,303-103569,60.0,48.0,36
2024-06-01,303-103569,0.0,48.0,0
2024-07-01,303-103569,24.0,24.0,0
2024-08-01,303-103569,0.0,0.0,0
2024-09-01,303-103569,0.0,0.0,0
2024-10-01,303-103569,48.0,60.0,36
2024-11-01,303-103569,0.0,0.0,0
2024-12-01,303-103569,0.0,0.0,0
2025-01-01,303-103569,0.0,0.0,0
2025-02-01,303-103569,0.0,0.0,0
2025-03-01,303-103569,0.0,48.0,0
2025-04-01,303-103569,12.0,0.0,0
2025-05-01,303-103569,0.0,0.0,0
2025-06-01,303-103569,0.0,24.0,0
2025-07-01,303-103569,36.0,12.0,0
2025-08-01,303-103569,0.0,0.0,36
2025-09-01,303-103569,0.0,0.0,36
2019-01-01,303-104066,0.0,240.0,0
2019-02-01,303-104066,0.0,0.0,696
2019-03-01,303-104066,0.0,0.0,12
2019-04-01,303-104066,0.0,876.0,374
2019-05-01,303-104066,0.0,0.0,206
2019-06-01,303-104066,0.0,0.0,0
2019-07-01,303-104066,0.0,0.0,354
2019-08-01,303-104066,0.0,0.0,578
2019-09-01,303-104066,0.0,0.0,886
2019-10-01,303-104066,0.0,0.0,488
2019-11-01,303-104066,0.0,0.0,380
2019-12-01,303-104066,0.0,723.0,884
2020-01-01,303-104066,1644.0,720.0,569
2020-02-01,303-104066,3012.0,0.0,941
2020-03-01,303-104066,3780.0,0.0,1229
2020-04-01,303-104066,588.0,564.0,2237
2020-05-01,303-104066,564.0,0.0,1649
2020-06-01,303-104066,7948.0,0.0,1121
2020-07-01,303-104066,1823.0,0.0,1817
2020-08-01,303-104066,10188.0,0.0,2093
2020-09-01,303-104066,1052.0,0.0,2273
2020-10-01,303-104066,3750.0,0.0,3924
2020-11-01,303-104066,3300.0,0.0,2825
2020-12-01,303-104066,1524.0,0.0,605
2021-01-01,303-104066,1729.0,0.0,0
2021-02-01,303-104066,4871.0,0.0,1211
2021-03-01,303-104066,6336.0,0.0,1116
2021-04-01,303-104066,4884.0,0.0,7092
2021-05-01,303-104066,5508.0,0.0,2244
2021-06-01,303-104066,4116.0,0.0,2688
2021-07-01,303-104066,2868.0,0.0,2148
2021-08-01,303-104066,3120.0,0.0,0
2021-09-01,303-104066,2856.0,0.0,0
2021-10-01,303-104066,5658.0,0.0,5515
2021-11-01,303-104066,7872.0,0.0,3805
2021-12-01,303-104066,4602.0,0.0,4393
2022-01-01,303-104066,276.0,276.0,0
2022-02-01,303-104066,5028.0,0.0,4553
2022-03-01,303-104066,3849.0,0.0,3113
2022-04-01,303-104066,1824.0,0.0,354
2022-05-01,303-104066,4400.0,0.0,0
2022-06-01,303-104066,5614.0,0.0,5362
2022-07-01,303-104066,1176.0,0.0,984
2022-08-01,303-104066,0.0,0.0,0
2022-09-01,303-104066,19618.0,0.0,600
2022-10-01,303-104066,3170.0,0.0,3828
2022-11-01,303-104066,2662.0,0.0,4294
2022-12-01,303-104066,3756.0,0.0,2172
2023-01-01,303-104066,4560.0,0.0,1165
2023-02-01,303-104066,2988.0,0.0,2917
2023-03-01,303-104066,5693.0,0.0,2089
2023-04-01,303-104066,2708.0,0.0,2336
2023-05-01,303-104066,7848.0,0.0,4236
2023-06-01,303-104066,6720.0,0.0,168
2023-07-01,303-104066,9384.0,0.0,5496
2023-08-01,303-104066,7032.0,0.0,5676
2023-09-01,303-104066,7296.0,0.0,1980
2023-10-01,303-104066,6456.0,0.0,2244
2023-11-01,303-104066,5292.0,0.0,660
2023-12-01,303-104066,9451.0,0.0,1104
2024-01-01,303-104066,7020.0,0.0,1908
2024-02-01,303-104066,4104.0,0.0,10308
2024-03-01,303-104066,18504.0,0.0,17952
2024-04-01,303-104066,9312.0,0.0,6876
2024-05-01,303-104066,5667.0,0.0,4510
2024-06-01,303-104066,3444.0,0.0,2191
2024-07-01,303-104066,11592.0,0.0,0
2024-08-01,303-104066,11352.0,0.0,544
2024-09-01,303-104066,10249.0,0.0,7600
2024-10-01,303-104066,7404.0,0.0,854
2024-11-01,303-104066,7584.0,0.0,5414
2024-12-01,303-104066,4610.0,0.0,4850
2025-01-01,303-104066,8458.0,0.0,3684
2025-02-01,303-104066,4440.0,0.0,5496
2025-03-01,303-104066,8555.0,0.0,2134
2025-04-01,303-104066,9499.0,0.0,4955
2025-05-01,303-104066,8856.0,0.0,459
2025-06-01,303-104066,18384.0,0.0,5364
2025-07-01,303-104066,6568.0,0.0,2772
2025-08-01,303-104066,6576.0,0.0,8084
2025-09-01,303-104066,7428.0,0.0,7440
2019-01-01,303-104080,0.0,12.0,0
2019-02-01,303-104080,0.0,108.0,0
2019-03-01,303-104080,0.0,375.0,0
2019-04-01,303-104080,0.0,84.0,12
2019-05-01,303-104080,0.0,93.0,0
2019-06-01,303-104080,0.0,148.0,0
2019-07-01,303-104080,0.0,260.0,0
2019-08-01,303-104080,0.0,252.0,0
2019-09-01,303-104080,0.0,108.0,0
2019-10-01,303-104080,0.0,159.0,0
2019-11-01,303-104080,0.0,156.0,155
2019-12-01,303-104080,0.0,120.0,0
2020-01-01,303-104080,156.0,132.0,0
2020-02-01,303-104080,432.0,480.0,553
2020-03-01,303-104080,180.0,96.0,157
2020-04-01,303-104080,84.0,84.0,457
2020-05-01,303-104080,112.0,145.0,373
2020-06-01,303-104080,780.0,0.0,261
2020-07-01,303-104080,660.0,636.0,90
2020-08-01,303-104080,804.0,948.0,147
2020-09-01,303-104080,276.0,264.0,183
2020-10-01,303-104080,96.0,120.0,0
2020-11-01,303-104080,132.0,108.0,111
2020-12-01,303-104080,168.0,180.0,0
2021-01-01,303-104080,120.0,120.0,0
2021-02-01,303-104080,384.0,835.0,229
2021-03-01,303-104080,559.0,816.0,25
2021-04-01,303-104080,581.0,144.0,726
2021-05-01,303-104080,312.0,408.0,157
2021-06-01,303-104080,372.0,312.0,25
2021-07-01,303-104080,480.0,0.0,313
2021-08-01,303-104080,681.0,693.0,382
2021-09-01,303-104080,468.0,744.0,481
2021-10-01,303-104080,72.0,96.0,373
2021-11-01,303-104080,144.0,144.0,301
2021-12-01,303-104080,108.0,72.0,157
2022-01-01,303-104080,12.0,12.0,853
2022-02-01,303-104080,684.0,672.0,841
2022-03-01,303-104080,206.0,182.0,517
2022-04-01,303-104080,48.0,24.0,323
2022-05-01,303-104080,168.0,180.0,815
2022-06-01,303-104080,592.0,592.0,647
2022-07-01,303-104080,228.0,288.0,1302
2022-08-01,303-104080,288.0,312.0,1074
2022-09-01,303-104080,684.0,780.0,786
2022-10-01,303-104080,96.0,60.0,642
2022-11-01,303-104080,192.0,180.0,786
2022-12-01,303-104080,132.0,552.0,594
2023-01-01,303-104080,408.0,300.0,462
2023-02-01,303-104080,329.0,276.0,54
2023-03-01,303-104080,120.0,132.0,0
2023-04-01,303-104080,216.0,264.0,85
2023-05-01,303-104080,312.0,492.0,169
2023-06-01,303-104080,156.0,0.0,0
2023-07-01,303-104080,1080.0,936.0,0
2023-08-01,303-104080,456.0,432.0,0
2023-09-01,303-104080,216.0,228.0,37
2023-10-01,303-104080,372.0,564.0,61
2023-11-01,303-104080,132.0,96.0,0
2023-12-01,303-104080,24.0,96.0,0
2024-01-01,303-104080,119.0,120.0,0
2024-02-01,303-104080,120.0,132.0,0
2024-03-01,303-104080,396.0,948.0,444
2024-04-01,303-104080,371.0,636.0,48
2024-05-01,303-104080,1020.0,936.0,0
2024-06-01,303-104080,660.0,972.0,0
2024-07-01,303-104080,1404.0,0.0,0
2024-08-01,303-104080,516.0,0.0,0
2024-09-01,303-104080,132.0,72.0,0
2024-10-01,303-104080,468.0,984.0,260
2024-11-01,303-104080,924.0,324.0,992
2024-12-01,303-104080,768.0,708.0,608
2025-01-01,303-104080,684.0,696.0,404
2025-02-01,303-104080,252.0,288.0,17
2025-03-01,303-104080,768.0,0.0,5
2025-04-01,303-104080,720.0,936.0,137
2025-05-01,303-104080,936.0,0.0,497
2025-06-01,303-104080,2520.0,0.0,0
2025-07-01,303-104080,1812.0,0.0,101
2025-08-01,303-104080,1080.0,408.0,1826
2025-09-01,303-104080,1356.0,0.0,746
2019-01-01,303-104092,0.0,16.0,0
2019-02-01,303-104092,0.0,64.0,0
2019-03-01,303-104092,0.0,72.0,0
2019-04-01,303-104092,0.0,37.0,38
2019-05-01,303-104092,0.0,135.0,0
2019-06-01,303-104092,0.0,48.0,0
2019-07-01,303-104092,0.0,96.0,0
2019-08-01,303-104092,0.0,132.0,4
2019-09-01,303-104092,0.0,137.0,68
2019-10-01,303-104092,0.0,136.0,1
2019-11-01,303-104092,0.0,173.0,105
2019-12-01,303-104092,0.0,67.0,84
2020-01-01,303-104092,84.0,64.0,18
2020-02-01,303-104092,124.0,624.0,54
2020-03-01,303-104092,204.0,197.0,70
2020-04-01,303-104092,33.0,33.0,349
2020-05-01,303-104092,164.0,164.0,356
2020-06-01,303-104092,425.0,617.0,192
2020-07-01,303-104092,160.0,132.0,166
2020-08-01,303-104092,601.0,636.0,262
2020-09-01,303-104092,68.0,56.0,181
2020-10-01,303-104092,184.0,224.0,165
2020-11-01,303-104092,88.0,48.0,1
2020-12-01,303-104092,32.0,32.0,133
2021-01-01,303-104092,205.0,249.0,117
2021-02-01,303-104092,173.0,233.0,32
2021-03-01,303-104092,200.0,368.0,31
2021-04-01,303-104092,147.0,447.0,111
2021-05-01,303-104092,380.0,596.0,128
2021-06-01,303-104092,608.0,360.0,0
2021-07-01,303-104092,112.0,144.0,244
2021-08-01,303-104092,66.0,61.0,172
2021-09-01,303-104092,41.0,378.0,138
2021-10-01,303-104092,482.0,454.0,577
2021-11-01,303-104092,192.0,228.0,95
2021-12-01,303-104092,75.0,79.0,23
2022-01-01,303-104092,9.0,6.0,104
2022-02-01,303-104092,93.0,117.0,94
2022-03-01,303-104092,84.0,92.0,149
2022-04-01,303-104092,55.0,70.0,157
2022-05-01,303-104092,160.0,240.0,102
2022-06-01,303-104092,220.0,292.0,262
2022-07-01,303-104092,49.0,57.0,281
2022-08-01,303-104092,33.0,36.0,232
2022-09-01,303-104092,182.0,222.0,199
2022-10-01,303-104092,18.0,20.0,181
2022-11-01,303-104092,25.0,40.0,223
2022-12-01,303-104092,130.0,134.0,198
2023-01-01,303-104092,160.0,229.0,68
2023-02-01,303-104092,128.0,112.0,76
2023-03-01,303-104092,76.0,80.0,48
2023-04-01,303-104092,104.0,113.0,92
2023-05-01,303-104092,128.0,160.0,28
2023-06-01,303-104092,388.0,480.0,100
2023-07-01,303-104092,264.0,252.0,212
2023-08-01,303-104092,139.0,219.0,188
2023-09-01,303-104092,217.0,173.0,49
2023-10-01,303-104092,200.0,408.0,132
2023-11-01,303-104092,220.0,196.0,92
2023-12-01,303-104092,80.0,136.0,32
2024-01-01,303-104092,192.0,284.0,0
2024-02-01,303-104092,124.0,404.0,104
2024-03-01,303-104092,284.0,324.0,0
2024-04-01,303-104092,292.0,288.0,144
2024-05-01,303-104092,164.0,158.0,72
2024-06-01,303-104092,192.0,216.0,216
2024-07-01,303-104092,400.0,760.0,24
2024-08-01,303-104092,292.0,396.0,4
2024-09-01,303-104092,244.0,249.0,248
2024-10-01,303-104092,88.0,84.0,216
2024-11-01,303-104092,124.0,128.0,127
2024-12-01,303-104092,56.0,56.0,167
2025-01-01,303-104092,160.0,176.0,153
2025-02-01,303-104092,96.0,96.0,145
2025-03-01,303-104092,218.0,256.0,97
2025-04-01,303-104092,219.0,216.0,78
2025-05-01,303-104092,112.0,136.0,139
2025-06-01,303-104092,244.0,244.0,187
2025-07-01,303-104092,84.0,192.0,35
2025-08-01,303-104092,249.0,205.0,0
2025-09-01,303-104092,132.0,168.0,130
2019-01-01,303-105504,0.0,12.0,0
2019-02-01,303-105504,0.0,34.0,0
2019-03-01,303-105504,0.0,87.0,0
2019-04-01,303-105504,0.0,48.0,0
2019-05-01,303-105504,0.0,84.0,0
2019-06-01,303-105504,0.0,23.0,0
2019-07-01,303-105504,0.0,36.0,0
2019-08-01,303-105504,0.0,24.0,50
2019-09-01,303-105504,0.0,36.0,26
2019-10-01,303-105504,0.0,37.0,0
2019-11-01,303-105504,0.0,24.0,132
2019-12-01,303-105504,0.0,16.0,108
2020-01-01,303-105504,12.0,12.0,92
2020-02-01,303-105504,84.0,120.0,80
2020-03-01,303-105504,216.0,560.0,32
2020-04-01,303-105504,36.0,96.0,416
2020-05-01,303-105504,84.0,72.0,380
2020-06-01,303-105504,48.0,48.0,296
2020-07-01,303-105504,61.0,84.0,272
2020-08-01,303-105504,205.0,204.0,211
2020-09-01,303-105504,98.0,98.0,126
2020-10-01,303-105504,100.0,100.0,23
2020-11-01,303-105504,29.0,28.0,0
2020-12-01,303-105504,12.0,36.0,0
2021-01-01,303-105504,36.0,195.0,0
2021-02-01,303-105504,0.0,258.0,0
2021-03-01,303-105504,219.0,360.0,0
2021-04-01,303-105504,180.0,36.0,108
2021-05-01,303-105504,25.0,37.0,0
2021-06-01,303-105504,24.0,24.0,23
2021-07-01,303-105504,48.0,36.0,119
2021-08-01,303-105504,108.0,96.0,71
2021-09-01,303-105504,55.0,79.0,0
2021-10-01,303-105504,24.0,120.0,0
2021-11-01,303-105504,84.0,72.0,0
2021-12-01,303-105504,48.0,36.0,0
2022-01-01,303-105504,24.0,24.0,30
2022-02-01,303-105504,84.0,96.0,6
2022-03-01,303-105504,0.0,12.0,0
2022-04-01,303-105504,4.0,124.0,0
2022-05-01,303-105504,0.0,204.0,0
2022-06-01,303-105504,0.0,156.0,0
2022-07-01,303-105504,0.0,144.0,0
2022-08-01,303-105504,144.0,60.0,0
2022-09-01,303-105504,168.0,144.0,110
2022-10-01,303-105504,24.0,144.0,0
2022-11-01,303-105504,0.0,144.0,0
2022-12-01,303-105504,180.0,132.0,0
2023-01-01,303-105504,12.0,248.0,0
2023-02-01,303-105504,12.0,200.0,98
2023-03-01,303-105504,12.0,48.0,86
2023-04-01,303-105504,356.0,168.0,254
2023-05-01,303-105504,109.0,133.0,18
2023-06-01,303-105504,48.0,120.0,0
2023-07-01,303-105504,3.0,504.0,0
2023-08-01,303-105504,4.0,628.0,0
2023-09-01,303-105504,0.0,576.0,0
2023-10-01,303-105504,984.0,432.0,0
2023-11-01,303-105504,96.0,708.0,14
2023-12-01,303-105504,132.0,408.0,0
2024-01-01,303-105504,108.0,84.0,165
2024-02-01,303-105504,696.0,720.0,57
2024-03-01,303-105504,339.0,580.0,57
2024-04-01,303-105504,336.0,290.0,138
2024-05-01,303-105504,265.0,299.0,101
2024-06-01,303-105504,77.0,468.0,16
2024-07-01,303-105504,768.0,0.0,0
2024-08-01,303-105504,494.0,0.0,591
2024-09-01,303-105504,1607.0,697.0,1417
2024-10-01,303-105504,310.0,416.0,793
2024-11-01,303-105504,336.0,264.0,482
2024-12-01,303-105504,372.0,396.0,146
2025-01-01,303-105504,96.0,84.0,415
2025-02-01,303-105504,206.0,516.0,318
2025-03-01,303-105504,301.0,277.0,171
2025-04-01,303-105504,289.0,289.0,350
2025-05-01,303-105504,193.0,204.0,625
2025-06-01,303-105504,673.0,507.0,430
2025-07-01,303-105504,404.0,717.0,0
2025-08-01,303-105504,197.0,75.0,424
2025-09-01,303-105504,12.0,24.0,299
2019-01-01,303-106447,0.0,0.0,0
2019-02-01,303-106447,0.0,0.0,0
2019-03-01,303-106447,0.0,0.0,0
2019-04-01,303-106447,0.0,0.0,0
2019-05-01,303-106447,0.0,5.0,0
2019-06-01,303-106447,0.0,1.0,4
2019-07-01,303-106447,0.0,4.0,4
2019-08-01,303-106447,0.0,0.0,0
2019-09-01,303-106447,0.0,0.0,0
2019-10-01,303-106447,0.0,0.0,0
2019-11-01,303-106447,0.0,0.0,0
2019-12-01,303-106447,0.0,0.0,4
2020-01-01,303-106447,0.0,0.0,4
2020-02-01,303-106447,0.0,0.0,4
2020-03-01,303-106447,4.0,4.0,4
2020-04-01,303-106447,0.0,0.0,0
2020-05-01,303-106447,0.0,0.0,0
2020-06-01,303-106447,0.0,0.0,0
2020-07-01,303-106447,0.0,0.0,0
2020-08-01,303-106447,0.0,0.0,0
2020-09-01,303-106447,0.0,0.0,0
2020-10-01,303-106447,0.0,0.0,4
2020-11-01,303-106447,0.0,0.0,4
2020-12-01,303-106447,0.0,0.0,4
2021-01-01,303-106447,0.0,0.0,16
2021-02-01,303-106447,0.0,0.0,16
2021-03-01,303-106447,8.0,8.0,16
2021-04-01,303-106447,4.0,4.0,8
2021-05-01,303-106447,4.0,24.0,4
2021-06-01,303-106447,0.0,28.0,0
2021-07-01,303-106447,0.0,0.0,0
2021-08-01,303-106447,0.0,96.0,0
2021-09-01,303-106447,0.0,28.0,0
2021-10-01,303-106447,4.0,0.0,0
2021-11-01,303-106447,64.0,4.0,100
2021-12-01,303-106447,36.0,36.0,36
2022-01-01,303-106447,0.0,0.0,24
2022-02-01,303-106447,0.0,0.0,24
2022-03-01,303-106447,0.0,0.0,24
2022-04-01,303-106447,4.0,4.0,24
2022-05-01,303-106447,20.0,24.0,20
2022-06-01,303-106447,4.0,4.0,0
2022-07-01,303-106447,0.0,0.0,12
2022-08-01,303-106447,4.0,4.0,12
2022-09-01,303-106447,8.0,8.0,8
2022-10-01,303-106447,12.0,12.0,0
2022-11-01,303-106447,0.0,0.0,0
2022-12-01,303-106447,0.0,0.0,0
2023-01-01,303-106447,0.0,0.0,0
2023-02-01,303-106447,0.0,0.0,0
2023-03-01,303-106447,0.0,160.0,0
2023-04-01,303-106447,0.0,164.0,0
2023-05-01,303-106447,160.0,0.0,0
2023-06-01,303-106447,4.0,4.0,4
2023-07-01,303-106447,0.0,4.0,4
2023-08-01,303-106447,4.0,4.0,4
2023-09-01,303-106447,7.0,3.0,0
2023-10-01,303-106447,0.0,0.0,5
2023-11-01,303-106447,0.0,0.0,5
2023-12-01,303-106447,20.0,20.0,5
2024-01-01,303-106447,0.0,0.0,5
2024-02-01,303-106447,0.0,0.0,5
2024-03-01,303-106447,8.0,8.0,5
2024-04-01,303-106447,4.0,4.0,21
2024-05-01,303-106447,8.0,8.0,17
2024-06-01,303-106447,28.0,772.0,33
2024-07-01,303-106447,192.0,180.0,5
2024-08-01,303-106447,0.0,4.0,9
2024-09-01,303-106447,0.0,0.0,9
2024-10-01,303-106447,176.0,4.0,8
2024-11-01,303-106447,4.0,0.0,8
2024-12-01,303-106447,0.0,0.0,4
2025-01-01,303-106447,0.0,0.0,4
2025-02-01,303-106447,0.0,0.0,4
2025-03-01,303-106447,12.0,28.0,4
2025-04-01,303-106447,12.0,12.0,4
2025-05-01,303-106447,4.0,4.0,12
2025-06-01,303-106447,4.0,4.0,8
2025-07-01,303-106447,12.0,12.0,16
2025-08-01,303-106447,0.0,0.0,16
2025-09-01,303-106447,0.0,0.0,16
2019-01-01,303-107672,0.0,0.0,0
2019-02-01,303-107672,0.0,0.0,0
2019-03-01,303-107672,0.0,0.0,0
2019-04-01,303-107672,0.0,0.0,2012
2019-05-01,303-107672,0.0,0.0,0
2019-06-01,303-107672,0.0,0.0,1988
2019-07-01,303-107672,0.0,0.0,316
2019-08-01,303-107672,0.0,0.0,0
2019-09-01,303-107672,0.0,0.0,0
2019-10-01,303-107672,0.0,0.0,2443
2019-11-01,303-107672,0.0,0.0,0
2019-12-01,303-107672,0.0,0.0,1225
2020-01-01,303-107672,5005.0,0.0,0
2020-02-01,303-107672,4043.0,0.0,0
2020-03-01,303-107672,2508.0,0.0,0
2020-04-01,303-107672,17064.0,0.0,0
2020-05-01,303-107672,11910.0,0.0,6037
2020-06-01,303-107672,15534.0,0.0,7555
2020-07-01,303-107672,4656.0,0.0,8815
2020-08-01,303-107672,20051.0,0.0,4159
2020-09-01,303-107672,18480.0,0.0,0
2020-10-01,303-107672,4848.0,0.0,21953
2020-11-01,303-107672,9362.0,0.0,17104
2020-12-01,303-107672,5240.0,0.0,7741
2021-01-01,303-107672,12768.0,0.0,4818
2021-02-01,303-107672,14796.0,0.0,0
2021-03-01,303-107672,18193.0,0.0,0
2021-04-01,303-107672,23723.0,0.0,6269
2021-05-01,303-107672,22836.0,0.0,6726
2021-06-01,303-107672,14483.0,0.0,450
2021-07-01,303-107672,7752.0,0.0,2527
2021-08-01,303-107672,33144.0,0.0,0
2021-09-01,303-107672,6060.0,0.0,8344
2021-10-01,303-107672,10476.0,0.0,13239
2021-11-01,303-107672,27012.0,0.0,9483
2021-12-01,303-107672,2028.0,0.0,0
2022-01-01,303-107672,13788.0,0.0,0
2022-02-01,303-107672,6443.0,0.0,0
2022-03-01,303-107672,15348.0,0.0,0
2022-04-01,303-107672,64812.0,0.0,1442
2022-05-01,303-107672,37752.0,0.0,4190
2022-06-01,303-107672,47964.0,0.0,11018
2022-07-01,303-107672,5016.0,0.0,19742
2022-08-01,303-107672,8196.0,0.0,14726
2022-09-01,303-107672,34944.0,0.0,11570
2022-10-01,303-107672,6358.0,0.0,3061
2022-11-01,303-107672,13741.0,0.0,0
2022-12-01,303-107672,29304.0,0.0,16706
2023-01-01,303-107672,19521.0,0.0,0
2023-02-01,303-107672,20028.0,0.0,0
2023-03-01,303-107672,14004.0,0.0,14873
2023-04-01,303-107672,27265.0,0.0,13061
2023-05-01,303-107672,23971.0,0.0,13756
2023-06-01,303-107672,31264.0,0.0,23673
2023-07-01,303-107672,23319.0,0.0,24293
2023-08-01,303-107672,21190.0,0.0,34358
2023-09-01,303-107672,25029.0,0.0,28910
2023-10-01,303-107672,25788.0,0.0,15221
2023-11-01,303-107672,15852.0,0.0,23381
2023-12-01,303-107672,30293.0,0.0,11486
2024-01-01,303-107672,16932.0,0.0,7808
2024-02-01,303-107672,19548.0,0.0,10172
2024-03-01,303-107672,45804.0,0.0,19424
2024-04-01,303-107672,27192.0,0.0,620
2024-05-01,303-107672,34380.0,0.0,8180
2024-06-01,303-107672,22896.0,0.0,18380
2024-07-01,303-107672,16287.0,0.0,0
2024-08-01,303-107672,17892.0,0.0,19978
2024-09-01,303-107672,15696.0,0.0,9970
2024-10-01,303-107672,10392.0,0.0,0
2024-11-01,303-107672,13913.0,0.0,14984
2024-12-01,303-107672,24180.0,0.0,31827
2025-01-01,303-107672,18326.0,0.0,19536
2025-02-01,303-107672,8881.0,0.0,28472
2025-03-01,303-107672,46042.0,0.0,19687
2025-04-01,303-107672,26582.0,0.0,10626
2025-05-01,303-107672,14940.0,0.0,0
2025-06-01,303-107672,42948.0,0.0,27830
2025-07-01,303-107672,17172.0,0.0,0
2025-08-01,303-107672,14820.0,0.0,8617
2025-09-01,303-107672,19620.0,0.0,22056
2019-01-01,303-108879,0.0,12.0,0
2019-02-01,303-108879,0.0,0.0,0
2019-03-01,303-108879,0.0,0.0,0
2019-04-01,303-108879,0.0,24.0,24
2019-05-01,303-108879,0.0,48.0,0
2019-06-01,303-108879,0.0,12.0,12
2019-07-01,303-108879,0.0,0.0,24
2019-08-01,303-108879,0.0,12.0,24
2019-09-01,303-108879,0.0,12.0,12
2019-10-01,303-108879,0.0,12.0,0
2019-11-01,303-108879,0.0,48.0,0
2019-12-01,303-108879,0.0,0.0,0
2020-01-01,303-108879,0.0,0.0,12
2020-02-01,303-108879,12.0,48.0,12
2020-03-01,303-108879,24.0,132.0,0
2020-04-01,303-108879,0.0,0.0,0
2020-05-01,303-108879,60.0,24.0,72
2020-06-01,303-108879,36.0,60.0,12
2020-07-01,303-108879,0.0,0.0,12
2020-08-01,303-108879,36.0,36.0,36
2020-09-01,303-108879,12.0,12.0,0
2020-10-01,303-108879,0.0,0.0,12
2020-11-01,303-108879,12.0,12.0,12
2020-12-01,303-108879,0.0,0.0,0
2021-01-01,303-108879,12.0,36.0,0
2021-02-01,303-108879,24.0,24.0,0
2021-03-01,303-108879,0.0,0.0,0
2021-04-01,303-108879,48.0,72.0,24
2021-05-01,303-108879,12.0,108.0,0
2021-06-01,303-108879,0.0,168.0,0
2021-07-01,303-108879,0.0,96.0,0
2021-08-01,303-108879,0.0,108.0,0
2021-09-01,303-108879,132.0,12.0,0
2021-10-01,303-108879,24.0,24.0,36
2021-11-01,303-108879,12.0,12.0,12
2021-12-01,303-108879,0.0,0.0,0
2022-01-01,303-108879,0.0,0.0,0
2022-02-01,303-108879,12.0,12.0,0
2022-03-01,303-108879,0.0,0.0,0
2022-04-01,303-108879,0.0,144.0,0
2022-05-01,303-108879,84.0,180.0,0
2022-06-01,303-108879,132.0,192.0,0
2022-07-01,303-108879,0.0,24.0,0
2022-08-01,303-108879,0.0,0.0,0
2022-09-01,303-108879,0.0,0.0,0
2022-10-01,303-108879,96.0,96.0,0
2022-11-01,303-108879,24.0,86.0,24
2022-12-01,303-108879,84.0,108.0,0
2023-01-01,303-108879,0.0,132.0,0
2023-02-01,303-108879,48.0,72.0,0
2023-03-01,303-108879,60.0,120.0,36
2023-04-01,303-108879,96.0,156.0,36
2023-05-01,303-108879,84.0,132.0,96
2023-06-01,303-108879,72.0,96.0,72
2023-07-01,303-108879,96.0,228.0,24
2023-08-01,303-108879,96.0,84.0,48
2023-09-01,303-108879,24.0,0.0,48
2023-10-01,303-108879,24.0,36.0,72
2023-11-01,303-108879,48.0,72.0,48
2023-12-01,303-108879,48.0,96.0,60
2024-01-01,303-108879,36.0,36.0,12
2024-02-01,303-108879,12.0,12.0,12
2024-03-01,303-108879,156.0,168.0,0
2024-04-01,303-108879,84.0,180.0,36
2024-05-01,303-108879,84.0,132.0,36
2024-06-01,303-108879,72.0,144.0,12
2024-07-01,303-108879,96.0,132.0,0
2024-08-01,303-108879,108.0,156.0,36
2024-09-01,303-108879,36.0,36.0,0
2024-10-01,303-108879,72.0,96.0,36
2024-11-01,303-108879,48.0,72.0,60
2024-12-01,303-108879,48.0,48.0,48
2025-01-01,303-108879,36.0,84.0,0
2025-02-01,303-108879,12.0,36.0,0
2025-03-01,303-108879,120.0,264.0,48
2025-04-01,303-108879,108.0,168.0,24
2025-05-01,303-108879,204.0,252.0,60
2025-06-01,303-108879,132.0,132.0,60
2025-07-01,303-108879,72.0,72.0,60
2025-08-01,303-108879,36.0,36.0,36
2025-09-01,303-108879,12.0,12.0,24
2019-01-01,303-111658,0.0,0.0,0
2019-02-01,303-111658,0.0,0.0,0
2019-03-01,303-111658,0.0,0.0,0
2019-04-01,303-111658,0.0,0.0,0
2019-05-01,303-111658,0.0,0.0,0
2019-06-01,303-111658,0.0,0.0,0
2019-07-01,303-111658,0.0,0.0,0
2019-08-01,303-111658,0.0,0.0,0
2019-09-01,303-111658,0.0,0.0,0
2019-10-01,303-111658,0.0,0.0,0
2019-11-01,303-111658,0.0,0.0,0
2019-12-01,303-111658,0.0,0.0,0
2020-01-01,303-111658,0.0,0.0,0
2020-02-01,303-111658,0.0,0.0,0
2020-03-01,303-111658,0.0,0.0,0
2020-04-01,303-111658,0.0,0.0,0
2020-05-01,303-111658,0.0,0.0,0
2020-06-01,303-111658,0.0,0.0,0
2020-07-01,303-111658,0.0,0.0,0
2020-08-01,303-111658,0.0,0.0,0
2020-09-01,303-111658,0.0,0.0,0
2020-10-01,303-111658,0.0,0.0,0
2020-11-01,303-111658,0.0,0.0,0
2020-12-01,303-111658,0.0,0.0,0
2021-01-01,303-111658,0.0,0.0,0
2021-02-01,303-111658,0.0,0.0,0
2021-03-01,303-111658,0.0,0.0,0
2021-04-01,303-111658,0.0,0.0,0
2021-05-01,303-111658,0.0,0.0,0
2021-06-01,303-111658,0.0,0.0,0
2021-07-01,303-111658,0.0,0.0,0
2021-08-01,303-111658,0.0,0.0,0
2021-09-01,303-111658,0.0,0.0,0
2021-10-01,303-111658,0.0,0.0,0
2021-11-01,303-111658,0.0,0.0,0
2021-12-01,303-111658,0.0,0.0,0
2022-01-01,303-111658,0.0,0.0,0
2022-02-01,303-111658,0.0,0.0,0
2022-03-01,303-111658,0.0,0.0,0
2022-04-01,303-111658,0.0,0.0,0
2022-05-01,303-111658,0.0,0.0,0
2022-06-01,303-111658,0.0,0.0,0
2022-07-01,303-111658,0.0,0.0,0
2022-08-01,303-111658,0.0,0.0,0
2022-09-01,303-111658,0.0,0.0,0
2022-10-01,303-111658,0.0,0.0,0
2022-11-01,303-111658,0.0,0.0,0
2022-12-01,303-111658,0.0,0.0,0
2023-01-01,303-111658,0.0,0.0,0
2023-02-01,303-111658,1000.0,516.0,1080
2023-03-01,303-111658,430.0,638.0,608
2023-04-01,303-111658,1595.0,0.0,178
2023-05-01,303-111658,1675.0,0.0,3599
2023-06-01,303-111658,1672.0,0.0,4204
2023-07-01,303-111658,2693.0,0.0,2532
2023-08-01,303-111658,522.0,0.0,523
2023-09-01,303-111658,0.0,0.0,1
2023-10-01,303-111658,3144.0,0.0,0
2023-11-01,303-111658,1752.0,0.0,60
2023-12-01,303-111658,2258.0,0.0,1428
2024-01-01,303-111658,1326.0,0.0,883
2024-02-01,303-111658,1968.0,0.0,3457
2024-03-01,303-111658,3474.0,0.0,3229
2024-04-01,303-111658,3504.0,0.0,2689
2024-05-01,303-111658,5268.0,0.0,2845
2024-06-01,303-111658,844.0,0.0,1033
2024-07-01,303-111658,12.0,0.0,45
2024-08-01,303-111658,7794.0,0.0,32
2024-09-01,303-111658,1718.0,0.0,522
2024-10-01,303-111658,1382.0,0.0,147
2024-11-01,303-111658,4073.0,0.0,108
2024-12-01,303-111658,3051.0,0.0,3277
2025-01-01,303-111658,2393.0,0.0,1559
2025-02-01,303-111658,2872.0,0.0,8883
2025-03-01,303-111658,4595.0,0.0,6010
2025-04-01,303-111658,12804.0,0.0,3754
2025-05-01,303-111658,4609.0,0.0,4690
2025-06-01,303-111658,2914.0,0.0,80
2025-07-01,303-111658,1647.0,0.0,1724
2025-08-01,303-111658,1274.0,0.0,3492
2025-09-01,303-111658,286.0,282.0,3400
2019-01-01,305-102898,0.0,152.0,0
2019-02-01,305-102898,0.0,312.0,129
2019-03-01,305-102898,0.0,412.0,182
2019-04-01,305-102898,0.0,309.0,189
2019-05-01,305-102898,0.0,484.0,38
2019-06-01,305-102898,0.0,284.0,173
2019-07-01,305-102898,0.0,540.0,99
2019-08-01,305-102898,0.0,232.0,0
2019-09-01,305-102898,0.0,312.0,109
2019-10-01,305-102898,0.0,497.0,82
2019-11-01,305-102898,0.0,836.0,0
2019-12-01,305-102898,0.0,336.0,214
2020-01-01,305-102898,984.0,0.0,0
2020-02-01,305-102898,68.0,740.0,18
2020-03-01,305-102898,48.0,732.0,78
2020-04-01,305-102898,208.0,80.0,90
2020-05-01,305-102898,473.0,504.0,682
2020-06-01,305-102898,899.0,0.0,222
2020-07-01,305-102898,437.0,429.0,193
2020-08-01,305-102898,948.0,0.0,348
2020-09-01,305-102898,242.0,297.0,296
2020-10-01,305-102898,522.0,844.0,309
2020-11-01,305-102898,656.0,476.0,83
2020-12-01,305-102898,332.0,484.0,111
2021-01-01,305-102898,812.0,924.0,189
2021-02-01,305-102898,124.0,96.0,5
2021-03-01,305-102898,404.0,572.0,381
2021-04-01,305-102898,202.0,60.0,489
2021-05-01,305-102898,332.0,508.0,287
2021-06-01,305-102898,601.0,565.0,451
2021-07-01,305-102898,520.0,680.0,306
2021-08-01,305-102898,316.0,308.0,198
2021-09-01,305-102898,885.0,0.0,474
2021-10-01,305-102898,654.0,632.0,305
2021-11-01,305-102898,860.0,0.0,487
2021-12-01,305-102898,870.0,834.0,199
2022-01-01,305-102898,332.0,376.0,0
2022-02-01,305-102898,485.0,733.0,13
2022-03-01,305-102898,674.0,0.0,112
2022-04-01,305-102898,946.0,0.0,246
2022-05-01,305-102898,332.0,356.0,180
2022-06-01,305-102898,1048.0,0.0,616
2022-07-01,305-102898,448.0,816.0,168
2022-08-01,305-102898,25.0,0.0,0
2022-09-01,305-102898,1440.0,0.0,15
2022-10-01,305-102898,704.0,0.0,19
2022-11-01,305-102898,1053.0,0.0,83
2022-12-01,305-102898,787.0,0.0,178
2023-01-01,305-102898,1452.0,0.0,167
2023-02-01,305-102898,157.0,149.0,387
2023-03-01,305-102898,1406.0,0.0,230
2023-04-01,305-102898,159.0,737.0,140
2023-05-01,305-102898,1552.0,0.0,1025
2023-06-01,305-102898,1604.0,0.0,633
2023-07-01,305-102898,412.0,0.0,181
2023-08-01,305-102898,400.0,430.0,0
2023-09-01,305-102898,545.0,297.0,137
2023-10-01,305-102898,480.0,728.0,248
2023-11-01,305-102898,557.0,648.0,152
2023-12-01,305-102898,1276.0,0.0,39
2024-01-01,305-102898,176.0,516.0,302
2024-02-01,305-102898,736.0,658.0,382
2024-03-01,305-102898,884.0,888.0,1662
2024-04-01,305-102898,252.0,112.0,778
2024-05-01,305-102898,92.0,98.0,1714
2024-06-01,305-102898,416.0,410.0,1622
2024-07-01,305-102898,384.0,372.0,1204
2024-08-01,305-102898,132.0,140.0,1304
2024-09-01,305-102898,732.0,684.0,1164
2024-10-01,305-102898,161.0,152.0,872
2024-11-01,305-102898,284.0,288.0,711
2024-12-01,305-102898,474.0,446.0,2583
2025-01-01,305-102898,204.0,268.0,2109
2025-02-01,305-102898,168.0,128.0,1961
2025-03-01,305-102898,396.0,548.0,1792
2025-04-01,305-102898,412.0,224.0,1395
2025-05-01,305-102898,332.0,364.0,987
2025-06-01,305-102898,638.0,618.0,655
2025-07-01,305-102898,297.0,298.0,577
2025-08-01,305-102898,264.0,272.0,602
2025-09-01,305-102898,200.0,200.0,356
2019-01-01,305-105786,0.0,48.0,0
2019-02-01,305-105786,0.0,516.0,432
2019-03-01,305-105786,0.0,192.0,96
2019-04-01,305-105786,0.0,120.0,0
2019-05-01,305-105786,0.0,355.0,108
2019-06-01,305-105786,0.0,48.0,467
2019-07-01,305-105786,0.0,492.0,407
2019-08-01,305-105786,0.0,360.0,311
2019-09-01,305-105786,0.0,219.0,131
2019-10-01,305-105786,0.0,516.0,514
2019-11-01,305-105786,0.0,497.0,538
2019-12-01,305-105786,0.0,612.0,358
2020-01-01,305-105786,1210.0,0.0,22
2020-02-01,305-105786,468.0,600.0,492
2020-03-01,305-105786,0.0,0.0,24
2020-04-01,305-105786,648.0,624.0,24
2020-05-01,305-105786,216.0,228.0,2796
2020-06-01,305-105786,516.0,504.0,2580
2020-07-01,305-105786,684.0,552.0,2171
2020-08-01,305-105786,780.0,0.0,1487
2020-09-01,305-105786,588.0,468.0,971
2020-10-01,305-105786,576.0,602.0,1451
2020-11-01,305-105786,1404.0,0.0,1055
2020-12-01,305-105786,396.0,552.0,191
2021-01-01,305-105786,492.0,0.0,372
2021-02-01,305-105786,1656.0,0.0,0
2021-03-01,305-105786,816.0,996.0,2004
2021-04-01,305-105786,324.0,336.0,1439
2021-05-01,305-105786,412.0,506.0,1127
2021-06-01,305-105786,732.0,708.0,1987
2021-07-01,305-105786,468.0,420.0,1807
2021-08-01,305-105786,840.0,852.0,2419
2021-09-01,305-105786,456.0,408.0,1819
2021-10-01,305-105786,228.0,228.0,1363
2021-11-01,305-105786,984.0,972.0,1795
2021-12-01,305-105786,1122.0,0.0,1051
2022-01-01,305-105786,816.0,672.0,1573
2022-02-01,305-105786,2220.0,0.0,1297
2022-03-01,305-105786,1671.0,0.0,1177
2022-04-01,305-105786,1056.0,816.0,1966
2022-05-01,305-105786,426.0,422.0,2830
2022-06-01,305-105786,2469.0,0.0,2452
2022-07-01,305-105786,480.0,480.0,1903
2022-08-01,305-105786,972.0,0.0,1423
2022-09-01,305-105786,1080.0,0.0,1411
2022-10-01,305-105786,295.0,373.0,378
2022-11-01,305-105786,924.0,984.0,2243
2022-12-01,305-105786,1236.0,984.0,2771
2023-01-01,305-105786,3010.0,0.0,1595
2023-02-01,305-105786,504.0,444.0,1777
2023-03-01,305-105786,1548.0,0.0,1417
2023-04-01,305-105786,756.0,0.0,1345
2023-05-01,305-105786,1512.0,0.0,2065
2023-06-01,305-105786,3036.0,0.0,3433
2023-07-01,305-105786,711.0,529.0,1981
2023-08-01,305-105786,2316.0,0.0,3070
2023-09-01,305-105786,2244.0,0.0,2218
2023-10-01,305-105786,1380.0,0.0,1414
2023-11-01,305-105786,432.0,456.0,1474
2023-12-01,305-105786,2808.0,0.0,1582
2024-01-01,305-105786,970.0,0.0,298
2024-02-01,305-105786,2568.0,0.0,2208
2024-03-01,305-105786,4188.0,0.0,1896
2024-04-01,305-105786,1080.0,0.0,372
2024-05-01,305-105786,2260.0,0.0,2877
2024-06-01,305-105786,1764.0,0.0,1577
2024-07-01,305-105786,1781.0,0.0,293
2024-08-01,305-105786,1404.0,0.0,2074
2024-09-01,305-105786,1524.0,0.0,1918
2024-10-01,305-105786,1680.0,0.0,2434
2024-11-01,305-105786,2640.0,0.0,1774
2024-12-01,305-105786,3036.0,0.0,1054
2025-01-01,305-105786,696.0,576.0,1918
2025-02-01,305-105786,816.0,0.0,1474
2025-03-01,305-105786,1884.0,0.0,1150
2025-04-01,305-105786,2004.0,0.0,2146
2025-05-01,305-105786,2100.0,0.0,2698
2025-06-01,305-105786,2424.0,0.0,2038
2025-07-01,305-105786,888.0,972.0,1534
2025-08-01,305-105786,2340.0,0.0,2074
2025-09-01,305-105786,780.0,816.0,1672
2019-01-01,305-106468,0.0,0.0,0
2019-02-01,305-106468,0.0,0.0,0
2019-03-01,305-106468,0.0,0.0,0
2019-04-01,305-106468,0.0,0.0,0
2019-05-01,305-106468,0.0,0.0,0
2019-06-01,305-106468,0.0,0.0,0
2019-07-01,305-106468,0.0,0.0,0
2019-08-01,305-106468,0.0,0.0,0
2019-09-01,305-106468,0.0,0.0,0
2019-10-01,305-106468,0.0,0.0,0
2019-11-01,305-106468,0.0,0.0,0
2019-12-01,305-106468,0.0,0.0,0
2020-01-01,305-106468,0.0,40.0,0
2020-02-01,305-106468,0.0,0.0,0
2020-03-01,305-106468,0.0,0.0,0
2020-04-01,305-106468,0.0,0.0,40
2020-05-01,305-106468,40.0,40.0,40
2020-06-01,305-106468,0.0,0.0,0
2020-07-01,305-106468,0.0,0.0,0
2020-08-01,305-106468,0.0,0.0,0
2020-09-01,305-106468,4.0,4.0,8
2020-10-01,305-106468,4.0,4.0,4
2020-11-01,305-106468,8.0,8.0,8
2020-12-01,305-106468,0.0,0.0,12
2021-01-01,305-106468,1.0,45.0,12
2021-02-01,305-106468,40.0,0.0,11
2021-03-01,305-106468,15.0,19.0,11
2021-04-01,305-106468,0.0,0.0,0
2021-05-01,305-106468,0.0,0.0,0
2021-06-01,305-106468,0.0,0.0,0
2021-07-01,305-106468,0.0,160.0,0
2021-08-01,305-106468,80.0,0.0,0
2021-09-01,305-106468,0.0,0.0,0
2021-10-01,305-106468,0.0,0.0,0
2021-11-01,305-106468,0.0,0.0,0
2021-12-01,305-106468,0.0,0.0,0
2022-01-01,305-106468,4.0,4.0,0
2022-02-01,305-106468,52.0,112.0,8
2022-03-01,305-106468,20.0,20.0,40
2022-04-01,305-106468,12.0,12.0,20
2022-05-01,305-106468,16.0,16.0,12
2022-06-01,305-106468,4.0,220.0,4
2022-07-01,305-106468,0.0,48.0,0
2022-08-01,305-106468,8.0,0.0,0
2022-09-01,305-106468,84.0,60.0,64
2022-10-01,305-106468,0.0,56.0,0
2022-11-01,305-106468,0.0,20.0,0
2022-12-01,305-106468,0.0,0.0,0
2023-01-01,305-106468,0.0,80.0,0
2023-02-01,305-106468,0.0,0.0,0
2023-03-01,305-106468,0.0,40.0,0
2023-04-01,305-106468,0.0,40.0,0
2023-05-01,305-106468,104.0,44.0,100
2023-06-01,305-106468,24.0,24.0,76
2023-07-01,305-106468,12.0,12.0,52
2023-08-01,305-106468,4.0,64.0,64
2023-09-01,305-106468,64.0,40.0,60
2023-10-01,305-106468,24.0,24.0,96
2023-11-01,305-106468,36.0,36.0,72
2023-12-01,305-106468,44.0,68.0,36
2024-01-01,305-106468,0.0,0.0,0
2024-02-01,305-106468,0.0,360.0,0
2024-03-01,305-106468,64.0,572.0,32
2024-04-01,305-106468,4.0,852.0,12
2024-05-01,305-106468,208.0,208.0,8
2024-06-01,305-106468,32.0,40.0,192
2024-07-01,305-106468,56.0,48.0,160
2024-08-01,305-106468,16.0,16.0,104
2024-09-01,305-106468,8.0,28.0,88
2024-10-01,305-106468,0.0,0.0,80
2024-11-01,305-106468,16.0,16.0,80
2024-12-01,305-106468,36.0,36.0,64
2025-01-01,305-106468,12.0,12.0,28
2025-02-01,305-106468,0.0,0.0,16
2025-03-01,305-106468,88.0,168.0,16
2025-04-01,305-106468,16.0,80.0,8
2025-05-01,305-106468,68.0,44.0,32
2025-06-01,305-106468,16.0,4.0,0
2025-07-01,305-106468,8.0,8.0,52
2025-08-01,305-106468,4.0,4.0,44
2025-09-01,305-106468,68.0,128.0,40
2019-01-01,305-109463,0.0,0.0,0
2019-02-01,305-109463,0.0,0.0,0
2019-03-01,305-109463,0.0,0.0,0
2019-04-01,305-109463,0.0,0.0,0
2019-05-01,305-109463,0.0,0.0,0
2019-06-01,305-109463,0.0,0.0,0
2019-07-01,305-109463,0.0,0.0,0
2019-08-01,305-109463,0.0,0.0,0
2019-09-01,305-109463,0.0,402.0,0
2019-10-01,305-109463,0.0,661.0,267
2019-11-01,305-109463,0.0,0.0,843
2019-12-01,305-109463,0.0,507.0,423
2020-01-01,305-109463,1075.0,0.0,208
2020-02-01,305-109463,512.0,952.0,20
2020-03-01,305-109463,1062.0,0.0,124
2020-04-01,305-109463,248.0,376.0,386
2020-05-01,305-109463,242.0,700.0,138
2020-06-01,305-109463,1057.0,0.0,102
2020-07-01,305-109463,1225.0,0.0,297
2020-08-01,305-109463,3079.0,0.0,332
2020-09-01,305-109463,844.0,852.0,973
2020-10-01,305-109463,776.0,817.0,893
2020-11-01,305-109463,1220.0,0.0,1236
2020-12-01,305-109463,638.0,624.0,984
2021-01-01,305-109463,1021.0,0.0,1320
2021-02-01,305-109463,633.0,364.0,307
2021-03-01,305-109463,1452.0,0.0,954
2021-04-01,305-109463,1764.0,0.0,2854
2021-05-01,305-109463,2904.0,0.0,1090
2021-06-01,305-109463,711.0,0.0,274
2021-07-01,305-109463,2020.0,0.0,7
2021-08-01,305-109463,630.0,540.0,2739
2021-09-01,305-109463,742.0,748.0,2109
2021-10-01,305-109463,656.0,692.0,1687
2021-11-01,305-109463,1812.0,0.0,1671
2021-12-01,305-109463,2343.0,0.0,2579
2022-01-01,305-109463,421.0,393.0,239
2022-02-01,305-109463,1221.0,0.0,778
2022-03-01,305-109463,1492.0,0.0,997
2022-04-01,305-109463,1077.0,0.0,1745
2022-05-01,305-109463,536.0,520.0,1828
2022-06-01,305-109463,1674.0,0.0,1932
2022-07-01,305-109463,593.0,662.0,816
2022-08-01,305-109463,1436.0,0.0,294
2022-09-01,305-109463,1733.0,0.0,1214
2022-10-01,305-109463,412.0,456.0,1668
2022-11-01,305-109463,1325.0,0.0,1412
2022-12-01,305-109463,999.0,983.0,2791
2023-01-01,305-109463,1938.0,0.0,1964
2023-02-01,305-109463,533.0,414.0,2598
2023-03-01,305-109463,1892.0,0.0,2225
2023-04-01,305-109463,664.0,684.0,1737
2023-05-01,305-109463,1214.0,0.0,5209
2023-06-01,305-109463,2202.0,0.0,3995
2023-07-01,305-109463,1192.0,965.0,3393
2023-08-01,305-109463,2276.0,0.0,3161
2023-09-01,305-109463,1316.0,0.0,885
2023-10-01,305-109463,892.0,0.0,693
2023-11-01,305-109463,841.0,0.0,1005
2023-12-01,305-109463,3592.0,0.0,3260
2024-01-01,305-109463,589.0,805.0,788
2024-02-01,305-109463,688.0,896.0,2023
2024-03-01,305-109463,1332.0,0.0,1431
2024-04-01,305-109463,12.0,12.0,303
2024-05-01,305-109463,140.0,304.0,295
2024-06-01,305-109463,150.0,258.0,155
2024-07-01,305-109463,0.0,0.0,0
2024-08-01,305-109463,0.0,0.0,0
2024-09-01,305-109463,0.0,0.0,0
2024-10-01,305-109463,0.0,0.0,0
2024-11-01,305-109463,0.0,0.0,0
2024-12-01,305-109463,0.0,0.0,0
2025-01-01,305-109463,0.0,0.0,0
2025-02-01,305-109463,0.0,0.0,0
2025-03-01,305-109463,0.0,0.0,0
2025-04-01,305-109463,0.0,0.0,0
2025-05-01,305-109463,0.0,0.0,0
2025-06-01,305-109463,0.0,0.0,0
2025-07-01,305-109463,0.0,0.0,0
2025-08-01,305-109463,0.0,0.0,0
2025-09-01,305-109463,0.0,0.0,0
2019-01-01,305-109771,0.0,0.0,0
2019-02-01,305-109771,0.0,0.0,0
2019-03-01,305-109771,0.0,0.0,0
2019-04-01,305-109771,0.0,0.0,0
2019-05-01,305-109771,0.0,0.0,0
2019-06-01,305-109771,0.0,0.0,0
2019-07-01,305-109771,0.0,0.0,0
2019-08-01,305-109771,0.0,0.0,0
2019-09-01,305-109771,0.0,0.0,0
2019-10-01,305-109771,0.0,0.0,0
2019-11-01,305-109771,0.0,0.0,0
2019-12-01,305-109771,0.0,0.0,0
2020-01-01,305-109771,0.0,0.0,0
2020-02-01,305-109771,0.0,0.0,0
2020-03-01,305-109771,0.0,0.0,0
2020-04-01,305-109771,0.0,0.0,0
2020-05-01,305-109771,0.0,0.0,0
2020-06-01,305-109771,0.0,0.0,0
2020-07-01,305-109771,0.0,0.0,0
2020-08-01,305-109771,0.0,0.0,0
2020-09-01,305-109771,0.0,0.0,0
2020-10-01,305-109771,0.0,0.0,0
2020-11-01,305-109771,0.0,0.0,0
2020-12-01,305-109771,0.0,0.0,0
2021-01-01,305-109771,96.0,228.0,0
2021-02-01,305-109771,144.0,276.0,144
2021-03-01,305-109771,0.0,396.0,0
2021-04-01,305-109771,119.0,48.0,0
2021-05-01,305-109771,0.0,204.0,0
2021-06-01,305-109771,288.0,264.0,0
2021-07-01,305-109771,312.0,204.0,528
2021-08-01,305-109771,336.0,360.0,336
2021-09-01,305-109771,276.0,492.0,0
2021-10-01,305-109771,204.0,540.0,204
2021-11-01,305-109771,12.0,444.0,0
2021-12-01,305-109771,96.0,672.0,0
2022-01-01,305-109771,300.0,336.0,0
2022-02-01,305-109771,756.0,756.0,420
2022-03-01,305-109771,228.0,240.0,264
2022-04-01,305-109771,612.0,612.0,756
2022-05-01,305-109771,156.0,156.0,1104
2022-06-01,305-109771,1080.0,0.0,948
2022-07-01,305-109771,324.0,312.0,468
2022-08-01,305-109771,528.0,624.0,324
2022-09-01,305-109771,600.0,576.0,936
2022-10-01,305-109771,156.0,192.0,348
2022-11-01,305-109771,192.0,852.0,192
2022-12-01,305-109771,0.0,300.0,0
2023-01-01,305-109771,744.0,0.0,0
2023-02-01,305-109771,36.0,492.0,36
2023-03-01,305-109771,1104.0,0.0,0
2023-04-01,305-109771,156.0,132.0,792
2023-05-01,305-109771,802.0,744.0,1380
2023-06-01,305-109771,744.0,0.0,578
2023-07-01,305-109771,228.0,216.0,794
2023-08-01,305-109771,312.0,300.0,1046
2023-09-01,305-109771,720.0,924.0,734
2023-10-01,305-109771,518.0,520.0,734
2023-11-01,305-109771,312.0,252.0,696
2023-12-01,305-109771,1008.0,0.0,1464
2024-01-01,305-109771,456.0,612.0,456
2024-02-01,305-109771,300.0,0.0,720
2024-03-01,305-109771,1740.0,888.0,420
2024-04-01,305-109771,408.0,324.0,1008
2024-05-01,305-109771,816.0,0.0,600
2024-06-01,305-109771,1080.0,0.0,1224
2024-07-01,305-109771,276.0,336.0,142
2024-08-01,305-109771,940.0,940.0,1306
2024-09-01,305-109771,528.0,552.0,846
2024-10-01,305-109771,1388.0,0.0,798
2024-11-01,305-109771,1044.0,0.0,370
2024-12-01,305-109771,948.0,0.0,790
2025-01-01,305-109771,1452.0,672.0,10
2025-02-01,305-109771,624.0,552.0,142
2025-03-01,305-109771,780.0,780.0,490
2025-04-01,305-109771,225.0,228.0,214
2025-05-01,305-109771,504.0,780.0,589
2025-06-01,305-109771,1500.0,0.0,205
2025-07-01,305-109771,372.0,396.0,205
2025-08-01,305-109771,624.0,828.0,336
2025-09-01,305-109771,540.0,720.0,444
2019-01-01,306-102718,0.0,36.0,0
2019-02-01,306-102718,0.0,72.0,96
2019-03-01,306-102718,0.0,167.0,156
2019-04-01,306-102718,0.0,108.0,1
2019-05-01,306-102718,0.0,120.0,1
2019-06-01,306-102718,0.0,114.0,109
2019-07-01,306-102718,0.0,60.0,0
2019-08-01,306-102718,0.0,180.0,108
2019-09-01,306-102718,0.0,244.0,108
2019-10-01,306-102718,0.0,96.0,37
2019-11-01,306-102718,0.0,144.0,1
2019-12-01,306-102718,0.0,84.0,385
2020-01-01,306-102718,96.0,168.0,517
2020-02-01,306-102718,182.0,216.0,421
2020-03-01,306-102718,96.0,168.0,239
2020-04-01,306-102718,0.0,84.0,143
2020-05-01,306-102718,130.0,252.0,143
2020-06-01,306-102718,192.0,252.0,13
2020-07-01,306-102718,132.0,132.0,902
2020-08-01,306-102718,132.0,144.0,770
2020-09-01,306-102718,72.0,36.0,638
2020-10-01,306-102718,132.0,132.0,566
2020-11-01,306-102718,132.0,132.0,434
2020-12-01,306-102718,108.0,72.0,302
2021-01-01,306-102718,145.0,266.0,792
2021-02-01,306-102718,216.0,156.0,767
2021-03-01,306-102718,240.0,336.0,551
2021-04-01,306-102718,108.0,66.0,311
2021-05-01,306-102718,158.0,170.0,215
2021-06-01,306-102718,132.0,156.0,177
2021-07-01,306-102718,158.0,206.0,285
2021-08-01,306-102718,120.0,96.0,175
2021-09-01,306-102718,158.0,280.0,43
2021-10-01,306-102718,84.0,84.0,381
2021-11-01,306-102718,72.0,60.0,297
2021-12-01,306-102718,156.0,156.0,225
2022-01-01,306-102718,204.0,204.0,267
2022-02-01,306-102718,120.0,336.0,63
2022-03-01,306-102718,254.0,316.0,123
2022-04-01,306-102718,336.0,278.0,289
2022-05-01,306-102718,179.0,312.0,133
2022-06-01,306-102718,257.0,300.0,602
2022-07-01,306-102718,60.0,96.0,897
2022-08-01,306-102718,204.0,228.0,837
2022-09-01,306-102718,457.0,625.0,633
2022-10-01,306-102718,171.0,219.0,176
2022-11-01,306-102718,60.0,60.0,5
2022-12-01,306-102718,112.0,216.0,125
2023-01-01,306-102718,12.0,684.0,13
2023-02-01,306-102718,516.0,288.0,541
2023-03-01,306-102718,24.0,204.0,25
2023-04-01,306-102718,36.0,96.0,1
2023-05-01,306-102718,240.0,156.0,325
2023-06-01,306-102718,120.0,133.0,205
2023-07-01,306-102718,84.0,516.0,85
2023-08-01,306-102718,252.0,144.0,1
2023-09-01,306-102718,180.0,180.0,289
2023-10-01,306-102718,204.0,216.0,229
2023-11-01,306-102718,84.0,96.0,145
2023-12-01,306-102718,192.0,360.0,121
2024-01-01,306-102718,108.0,192.0,121
2024-02-01,306-102718,12.0,432.0,13
2024-03-01,306-102718,756.0,900.0,1
2024-04-01,306-102718,288.0,300.0,445
2024-05-01,306-102718,277.0,313.0,181
2024-06-01,306-102718,251.0,349.0,264
2024-07-01,306-102718,191.0,192.0,13
2024-08-01,306-102718,216.0,228.0,182
2024-09-01,306-102718,132.0,144.0,146
2024-10-01,306-102718,156.0,180.0,134
2024-11-01,306-102718,216.0,288.0,229
2024-12-01,306-102718,204.0,168.0,253
2025-01-01,306-102718,156.0,156.0,109
2025-02-01,306-102718,144.0,156.0,85
2025-03-01,306-102718,348.0,540.0,97
2025-04-01,306-102718,168.0,168.0,217
2025-05-01,306-102718,144.0,156.0,409
2025-06-01,306-102718,156.0,264.0,253
2025-07-01,306-102718,264.0,288.0,97
2025-08-01,306-102718,276.0,300.0,193
2025-09-01,306-102718,276.0,276.0,397
2019-01-01,403-CK3451,0.0,0.0,0
2019-02-01,403-CK3451,0.0,0.0,0
2019-03-01,403-CK3451,0.0,0.0,0
2019-04-01,403-CK3451,0.0,0.0,0
2019-05-01,403-CK3451,0.0,0.0,2
2019-06-01,403-CK3451,0.0,0.0,2
2019-07-01,403-CK3451,0.0,0.0,2
2019-08-01,403-CK3451,0.0,0.0,0
2019-09-01,403-CK3451,0.0,0.0,0
2019-10-01,403-CK3451,0.0,0.0,5
2019-11-01,403-CK3451,0.0,0.0,5
2019-12-01,403-CK3451,0.0,0.0,0
2020-01-01,403-CK3451,0.0,0.0,5
2020-02-01,403-CK3451,2.0,0.0,5
2020-03-01,403-CK3451,4.0,0.0,3
2020-04-01,403-CK3451,0.0,0.0,2
2020-05-01,403-CK3451,0.0,0.0,2
2020-06-01,403-CK3451,1.0,0.0,2
2020-07-01,403-CK3451,3.0,0.0,3
2020-08-01,403-CK3451,0.0,0.0,0
2020-09-01,403-CK3451,0.0,0.0,0
2020-10-01,403-CK3451,3.0,0.0,3
2020-11-01,403-CK3451,1.0,0.0,0
2020-12-01,403-CK3451,0.0,0.0,0
2021-01-01,403-CK3451,6.0,0.0,0
2021-02-01,403-CK3451,0.0,0.0,0
2021-03-01,403-CK3451,0.0,0.0,0
2021-04-01,403-CK3451,14.0,0.0,0
2021-05-01,403-CK3451,3.0,0.0,1
2021-06-01,403-CK3451,0.0,0.0,0
2021-07-01,403-CK3451,0.0,0.0,0
2021-08-01,403-CK3451,0.0,0.0,0
2021-09-01,403-CK3451,0.0,0.0,0
2021-10-01,403-CK3451,0.0,0.0,0
2021-11-01,403-CK3451,0.0,0.0,0
2021-12-01,403-CK3451,0.0,0.0,0
2022-01-01,403-CK3451,2.0,0.0,15
2022-02-01,403-CK3451,2.0,0.0,13
2022-03-01,403-CK3451,1.0,0.0,11
2022-04-01,403-CK3451,4.0,0.0,10
2022-05-01,403-CK3451,2.0,0.0,6
2022-06-01,403-CK3451,0.0,0.0,4
2022-07-01,403-CK3451,0.0,0.0,18
2022-08-01,403-CK3451,0.0,0.0,18
2022-09-01,403-CK3451,4.0,0.0,18
2022-10-01,403-CK3451,1.0,0.0,14
2022-11-01,403-CK3451,0.0,0.0,13
2022-12-01,403-CK3451,0.0,0.0,13
2023-01-01,403-CK3451,3.0,0.0,13
2023-02-01,403-CK3451,0.0,0.0,10
2023-03-01,403-CK3451,0.0,0.0,10
2023-04-01,403-CK3451,0.0,0.0,10
2023-05-01,403-CK3451,0.0,0.0,10
2023-06-01,403-CK3451,2.0,0.0,10
2023-07-01,403-CK3451,1.0,0.0,8
2023-08-01,403-CK3451,0.0,0.0,7
2023-09-01,403-CK3451,2.0,0.0,7
2023-10-01,403-CK3451,2.0,0.0,5
2023-11-01,403-CK3451,1.0,0.0,3
2023-12-01,403-CK3451,2.0,0.0,2
2024-01-01,403-CK3451,0.0,0.0,5
2024-02-01,403-CK3451,2.0,0.0,5
2024-03-01,403-CK3451,3.0,0.0,3
2024-04-01,403-CK3451,0.0,0.0,0
2024-05-01,403-CK3451,0.0,0.0,0
2024-06-01,403-CK3451,0.0,0.0,0
2024-07-01,403-CK3451,0.0,0.0,0
2024-08-01,403-CK3451,0.0,0.0,5
2024-09-01,403-CK3451,2.0,0.0,5
2024-10-01,403-CK3451,2.0,0.0,3
2024-11-01,403-CK3451,1.0,0.0,1
2024-12-01,403-CK3451,0.0,0.0,0
2025-01-01,403-CK3451,0.0,0.0,0
2025-02-01,403-CK3451,0.0,0.0,0
2025-03-01,403-CK3451,0.0,0.0,3
2025-04-01,403-CK3451,0.0,0.0,3
2025-05-01,403-CK3451,0.0,0.0,3
2025-06-01,403-CK3451,0.0,0.0,3
2025-07-01,403-CK3451,0.0,0.0,3
2025-08-01,403-CK3451,0.0,0.0,3
2025-09-01,403-CK3451,0.0,0.0,3
2019-01-01,403-FA458V,0.0,0.0,0
2019-02-01,403-FA458V,0.0,0.0,0
2019-03-01,403-FA458V,0.0,0.0,0
2019-04-01,403-FA458V,0.0,0.0,0
2019-05-01,403-FA458V,0.0,0.0,0
2019-06-01,403-FA458V,0.0,0.0,0
2019-07-01,403-FA458V,0.0,0.0,0
2019-08-01,403-FA458V,0.0,0.0,5
2019-09-01,403-FA458V,0.0,0.0,4
2019-10-01,403-FA458V,0.0,0.0,2
2019-11-01,403-FA458V,0.0,0.0,0
2019-12-01,403-FA458V,0.0,0.0,6
2020-01-01,403-FA458V,0.0,0.0,6
2020-02-01,403-FA458V,0.0,0.0,6
2020-03-01,403-FA458V,0.0,0.0,6
2020-04-01,403-FA458V,0.0,0.0,16
2020-05-01,403-FA458V,1.0,0.0,16
2020-06-01,403-FA458V,8.0,0.0,15
2020-07-01,403-FA458V,0.0,0.0,7
2020-08-01,403-FA458V,2.0,0.0,7
2020-09-01,403-FA458V,2.0,0.0,5
2020-10-01,403-FA458V,0.0,0.0,3
2020-11-01,403-FA458V,0.0,0.0,3
2020-12-01,403-FA458V,0.0,0.0,8
2021-01-01,403-FA458V,1.0,0.0,8
2021-02-01,403-FA458V,0.0,0.0,7
2021-03-01,403-FA458V,0.0,0.0,7
2021-04-01,403-FA458V,1.0,0.0,7
2021-05-01,403-FA458V,6.0,0.0,6
2021-06-01,403-FA458V,10.0,0.0,0
2021-07-01,403-FA458V,0.0,0.0,0
2021-08-01,403-FA458V,0.0,0.0,5
2021-09-01,403-FA458V,0.0,0.0,15
2021-10-01,403-FA458V,0.0,0.0,15
2021-11-01,403-FA458V,0.0,0.0,15
2021-12-01,403-FA458V,0.0,0.0,15
2022-01-01,403-FA458V,0.0,0.0,15
2022-02-01,403-FA458V,0.0,0.0,15
2022-03-01,403-FA458V,0.0,0.0,15
2022-04-01,403-FA458V,3.0,0.0,15
2022-05-01,403-FA458V,0.0,0.0,12
2022-06-01,403-FA458V,2.0,0.0,12
2022-07-01,403-FA458V,1.0,0.0,10
2022-08-01,403-FA458V,9.0,0.0,9
2022-09-01,403-FA458V,0.0,0.0,0
2022-10-01,403-FA458V,0.0,0.0,0
2022-11-01,403-FA458V,2.0,0.0,0
2022-12-01,403-FA458V,0.0,0.0,8
2023-01-01,403-FA458V,1.0,0.0,18
2023-02-01,403-FA458V,0.0,0.0,17
2023-03-01,403-FA458V,1.0,0.0,17
2023-04-01,403-FA458V,1.0,0.0,16
2023-05-01,403-FA458V,0.0,0.0,15
2023-06-01,403-FA458V,0.0,0.0,15
2023-07-01,403-FA458V,0.0,0.0,15
2023-08-01,403-FA458V,0.0,0.0,15
2023-09-01,403-FA458V,0.0,0.0,15
2023-10-01,403-FA458V,3.0,0.0,15
2023-11-01,403-FA458V,1.0,0.0,12
2023-12-01,403-FA458V,10.0,0.0,11
2024-01-01,403-FA458V,1.0,0.0,1
2024-02-01,403-FA458V,3.0,0.0,0
2024-03-01,403-FA458V,0.0,0.0,7
2024-04-01,403-FA458V,1.0,0.0,7
2024-05-01,403-FA458V,0.0,0.0,6
2024-06-01,403-FA458V,0.0,0.0,6
2024-07-01,403-FA458V,3.0,0.0,6
2024-08-01,403-FA458V,0.0,0.0,3
2024-09-01,403-FA458V,3.0,0.0,3
2024-10-01,403-FA458V,0.0,0.0,0
2024-11-01,403-FA458V,0.0,0.0,0
2024-12-01,403-FA458V,0.0,0.0,5
2025-01-01,403-FA458V,0.0,0.0,5
2025-02-01,403-FA458V,0.0,0.0,5
2025-03-01,403-FA458V,0.0,0.0,5
2025-04-01,403-FA458V,0.0,0.0,5
2025-05-01,403-FA458V,2.0,0.0,5
2025-06-01,403-FA458V,0.0,0.0,3
2025-07-01,403-FA458V,2.0,0.0,3
2025-08-01,403-FA458V,0.0,0.0,1
2025-09-01,403-FA458V,0.0,0.0,1
2019-01-01,403-SFAC415,0.0,0.0,0
2019-02-01,403-SFAC415,0.0,0.0,0
2019-03-01,403-SFAC415,0.0,0.0,0
2019-04-01,403-SFAC415,0.0,0.0,0
2019-05-01,403-SFAC415,0.0,0.0,0
2019-06-01,403-SFAC415,0.0,0.0,0
2019-07-01,403-SFAC415,0.0,0.0,0
2019-08-01,403-SFAC415,0.0,0.0,0
2019-09-01,403-SFAC415,0.0,0.0,0
2019-10-01,403-SFAC415,0.0,0.0,0
2019-11-01,403-SFAC415,0.0,0.0,0
2019-12-01,403-SFAC415,0.0,0.0,10
2020-01-01,403-SFAC415,6.0,0.0,6
2020-02-01,403-SFAC415,0.0,0.0,0
2020-03-01,403-SFAC415,32.0,0.0,0
2020-04-01,403-SFAC415,3.0,0.0,18
2020-05-01,403-SFAC415,1.0,0.0,15
2020-06-01,403-SFAC415,3.0,0.0,24
2020-07-01,403-SFAC415,0.0,0.0,21
2020-08-01,403-SFAC415,5.0,0.0,21
2020-09-01,403-SFAC415,2.0,0.0,16
2020-10-01,403-SFAC415,9.0,0.0,14
2020-11-01,403-SFAC415,7.0,0.0,5
2020-12-01,403-SFAC415,2.0,0.0,8
2021-01-01,403-SFAC415,3.0,0.0,6
2021-02-01,403-SFAC415,7.0,0.0,13
2021-03-01,403-SFAC415,6.0,0.0,16
2021-04-01,403-SFAC415,5.0,0.0,10
2021-05-01,403-SFAC415,5.0,0.0,5
2021-06-01,403-SFAC415,20.0,0.0,0
2021-07-01,403-SFAC415,10.0,0.0,0
2021-08-01,403-SFAC415,20.0,0.0,0
2021-09-01,403-SFAC415,6.0,0.0,0
2021-10-01,403-SFAC415,34.0,0.0,4
2021-11-01,403-SFAC415,11.0,0.0,0
2021-12-01,403-SFAC415,2.0,0.0,9
2022-01-01,403-SFAC415,17.0,0.0,17
2022-02-01,403-SFAC415,0.0,0.0,0
2022-03-01,403-SFAC415,6.0,0.0,50
2022-04-01,403-SFAC415,44.0,0.0,44
2022-05-01,403-SFAC415,0.0,0.0,0
2022-06-01,403-SFAC415,8.0,0.0,0
2022-07-01,403-SFAC415,20.0,0.0,92
2022-08-01,403-SFAC415,28.0,0.0,72
2022-09-01,403-SFAC415,19.0,0.0,44
2022-10-01,403-SFAC415,22.0,0.0,25
2022-11-01,403-SFAC415,0.0,0.0,3
2022-12-01,403-SFAC415,0.0,0.0,3
2023-01-01,403-SFAC415,0.0,0.0,3
2023-02-01,403-SFAC415,25.0,0.0,3
2023-03-01,403-SFAC415,29.0,0.0,28
2023-04-01,403-SFAC415,26.0,0.0,29
2023-05-01,403-SFAC415,0.0,0.0,3
2023-06-01,403-SFAC415,50.0,0.0,3
2023-07-01,403-SFAC415,38.0,0.0,3
2023-08-01,403-SFAC415,12.0,0.0,15
2023-09-01,403-SFAC415,0.0,0.0,3
2023-10-01,403-SFAC415,20.0,0.0,23
2023-11-01,403-SFAC415,36.0,0.0,103
2023-12-01,403-SFAC415,43.0,0.0,67
2024-01-01,403-SFAC415,21.0,0.0,24
2024-02-01,403-SFAC415,20.0,0.0,3
2024-03-01,403-SFAC415,0.0,0.0,3
2024-04-01,403-SFAC415,0.0,0.0,3
2024-05-01,403-SFAC415,200.0,0.0,3
2024-06-01,403-SFAC415,0.0,0.0,3
2024-07-01,403-SFAC415,100.0,0.0,0
2024-08-01,403-SFAC415,0.0,0.0,0
2024-09-01,403-SFAC415,94.0,0.0,0
2024-10-01,403-SFAC415,23.0,0.0,56
2024-11-01,403-SFAC415,22.0,0.0,33
2024-12-01,403-SFAC415,41.0,0.0,41
2025-01-01,403-SFAC415,22.0,0.0,0
2025-02-01,403-SFAC415,15.0,0.0,28
2025-03-01,403-SFAC415,51.0,0.0,113
2025-04-01,403-SFAC415,62.0,0.0,62
2025-05-01,403-SFAC415,0.0,0.0,0
2025-06-01,403-SFAC415,109.0,0.0,0
2025-07-01,403-SFAC415,41.0,0.0,41
2025-08-01,403-SFAC415,0.0,0.0,0
2025-09-01,403-SFAC415,0.0,0.0,0
2019-01-01,405-300860,0.0,0.0,0
2019-02-01,405-300860,0.0,0.0,0
2019-03-01,405-300860,0.0,13.0,0
2019-04-01,405-300860,0.0,2.0,12
2019-05-01,405-300860,0.0,1.0,18
2019-06-01,405-300860,0.0,1.0,17
2019-07-01,405-300860,0.0,15.0,16
2019-08-01,405-300860,0.0,5.0,5
2019-09-01,405-300860,0.0,0.0,0
2019-10-01,405-300860,0.0,2.0,11
2019-11-01,405-300860,0.0,3.0,9
2019-12-01,405-300860,0.0,7.0,6
2020-01-01,405-300860,4.0,4.0,8
2020-02-01,405-300860,6.0,9.0,4
2020-03-01,405-300860,6.0,4.0,26
2020-04-01,405-300860,9.0,9.0,19
2020-05-01,405-300860,8.0,8.0,10
2020-06-01,405-300860,16.0,20.0,2
2020-07-01,405-300860,2.0,12.0,2
2020-08-01,405-300860,14.0,15.0,0
2020-09-01,405-300860,7.0,8.0,14
2020-10-01,405-300860,5.0,5.0,7
2020-11-01,405-300860,1.0,9.0,2
2020-12-01,405-300860,24.0,19.0,29
2021-01-01,405-300860,2.0,3.0,5
2021-02-01,405-300860,7.0,7.0,3
2021-03-01,405-300860,10.0,17.0,16
2021-04-01,405-300860,1.0,2.0,6
2021-05-01,405-300860,0.0,4.0,25
2021-06-01,405-300860,21.0,19.0,25
2021-07-01,405-300860,4.0,9.0,6
2021-08-01,405-300860,13.0,13.0,18
2021-09-01,405-300860,0.0,12.0,5
2021-10-01,405-300860,0.0,12.0,5
2021-11-01,405-300860,13.0,4.0,5
2021-12-01,405-300860,3.0,3.0,8
2022-01-01,405-300860,8.0,13.0,5
2022-02-01,405-300860,8.0,39.0,5
2022-03-01,405-300860,36.0,15.0,5
2022-04-01,405-300860,0.0,15.0,5
2022-05-01,405-300860,12.0,21.0,17
2022-06-01,405-300860,12.0,10.0,17
2022-07-01,405-300860,0.0,4.0,0
2022-08-01,405-300860,10.0,19.0,0
2022-09-01,405-300860,24.0,30.0,2
2022-10-01,405-300860,9.0,14.0,3
2022-11-01,405-300860,11.0,21.0,14
2022-12-01,405-300860,1.0,9.0,3
2023-01-01,405-300860,25.0,14.0,29
2023-02-01,405-300860,0.0,17.0,4
2023-03-01,405-300860,26.0,17.0,4
2023-04-01,405-300860,8.0,8.0,14
2023-05-01,405-300860,19.0,20.0,6
2023-06-01,405-300860,1.0,11.0,7
2023-07-01,405-300860,14.0,14.0,6
2023-08-01,405-300860,15.0,16.0,31
2023-09-01,405-300860,9.0,7.0,16
2023-10-01,405-300860,8.0,9.0,19
2023-11-01,405-300860,2.0,3.0,11
2023-12-01,405-300860,5.0,6.0,9
2024-01-01,405-300860,7.0,6.0,15
2024-02-01,405-300860,5.0,6.0,8
2024-03-01,405-300860,14.0,15.0,23
2024-04-01,405-300860,13.0,29.0,9
2024-05-01,405-300860,25.0,18.0,36
2024-06-01,405-300860,0.0,0.0,11
2024-07-01,405-300860,0.0,1.0,5
2024-08-01,405-300860,0.0,16.0,5
2024-09-01,405-300860,0.0,7.0,5
2024-10-01,405-300860,19.0,3.0,5
2024-11-01,405-300860,2.0,2.0,18
2024-12-01,405-300860,4.0,4.0,16
2025-01-01,405-300860,2.0,2.0,36
2025-02-01,405-300860,12.0,16.0,34
2025-03-01,405-300860,6.0,18.0,22
2025-04-01,405-300860,3.0,5.0,17
2025-05-01,405-300860,14.0,6.0,14
2025-06-01,405-300860,4.0,11.0,20
2025-07-01,405-300860,0.0,8.0,16
2025-08-01,405-300860,4.0,14.0,16
2025-09-01,405-300860,1.0,5.0,15
2019-01-01,780-CAXTR140AUV,0.0,0.0,0
2019-02-01,780-CAXTR140AUV,0.0,16.0,0
2019-03-01,780-CAXTR140AUV,0.0,5.0,0
2019-04-01,780-CAXTR140AUV,0.0,4.0,0
2019-05-01,780-CAXTR140AUV,0.0,2.0,0
2019-06-01,780-CAXTR140AUV,0.0,2.0,0
2019-07-01,780-CAXTR140AUV,0.0,3.0,0
2019-08-01,780-CAXTR140AUV,0.0,0.0,0
2019-09-01,780-CAXTR140AUV,0.0,0.0,0
2019-10-01,780-CAXTR140AUV,0.0,2.0,0
2019-11-01,780-CAXTR140AUV,0.0,8.0,0
2019-12-01,780-CAXTR140AUV,0.0,4.0,0
2020-01-01,780-CAXTR140AUV,2.0,2.0,25
2020-02-01,780-CAXTR140AUV,14.0,29.0,23
2020-03-01,780-CAXTR140AUV,10.0,8.0,9
2020-04-01,780-CAXTR140AUV,0.0,0.0,10
2020-05-01,780-CAXTR140AUV,0.0,0.0,10
2020-06-01,780-CAXTR140AUV,20.0,23.0,10
2020-07-01,780-CAXTR140AUV,10.0,8.0,0
2020-08-01,780-CAXTR140AUV,10.0,10.0,0
2020-09-01,780-CAXTR140AUV,9.0,9.0,0
2020-10-01,780-CAXTR140AUV,0.0,0.0,0
2020-11-01,780-CAXTR140AUV,2.0,2.0,0
2020-12-01,780-CAXTR140AUV,4.0,4.0,0
2021-01-01,780-CAXTR140AUV,6.0,0.0,0
2021-02-01,780-CAXTR140AUV,0.0,0.0,0
2021-03-01,780-CAXTR140AUV,0.0,0.0,0
2021-04-01,780-CAXTR140AUV,0.0,6.0,0
2021-05-01,780-CAXTR140AUV,0.0,0.0,0
2021-06-01,780-CAXTR140AUV,0.0,4.0,0
2021-07-01,780-CAXTR140AUV,0.0,0.0,0
2021-08-01,780-CAXTR140AUV,0.0,2.0,0
2021-09-01,780-CAXTR140AUV,0.0,2.0,0
2021-10-01,780-CAXTR140AUV,0.0,0.0,0
2021-11-01,780-CAXTR140AUV,0.0,0.0,0
2021-12-01,780-CAXTR140AUV,0.0,0.0,0
2022-01-01,780-CAXTR140AUV,0.0,1.0,0
2022-02-01,780-CAXTR140AUV,0.0,0.0,0
2022-03-01,780-CAXTR140AUV,0.0,0.0,0
2022-04-01,780-CAXTR140AUV,0.0,0.0,0
2022-05-01,780-CAXTR140AUV,0.0,0.0,0
2022-06-01,780-CAXTR140AUV,0.0,0.0,0
2022-07-01,780-CAXTR140AUV,0.0,2.0,0
2022-08-01,780-CAXTR140AUV,0.0,1.0,0
2022-09-01,780-CAXTR140AUV,2.0,0.0,0
2022-10-01,780-CAXTR140AUV,15.0,14.0,20
2022-11-01,780-CAXTR140AUV,3.0,3.0,5
2022-12-01,780-CAXTR140AUV,19.0,19.0,2
2023-01-01,780-CAXTR140AUV,7.0,8.0,0
2023-02-01,780-CAXTR140AUV,12.0,19.0,0
2023-03-01,780-CAXTR140AUV,10.0,12.0,0
2023-04-01,780-CAXTR140AUV,0.0,44.0,0
2023-05-01,780-CAXTR140AUV,65.0,64.0,0
2023-06-01,780-CAXTR140AUV,15.0,16.0,0
2023-07-01,780-CAXTR140AUV,15.0,16.0,0
2023-08-01,780-CAXTR140AUV,38.0,37.0,11
2023-09-01,780-CAXTR140AUV,20.0,63.0,0
2023-10-01,780-CAXTR140AUV,72.0,93.0,0
2023-11-01,780-CAXTR140AUV,18.0,37.0,0
2023-12-01,780-CAXTR140AUV,0.0,14.0,0
2024-01-01,780-CAXTR140AUV,37.0,17.0,0
2024-02-01,780-CAXTR140AUV,38.0,42.0,0
2024-03-01,780-CAXTR140AUV,25.0,74.0,0
2024-04-01,780-CAXTR140AUV,20.0,53.0,0
2024-05-01,780-CAXTR140AUV,52.0,54.0,0
2024-06-01,780-CAXTR140AUV,17.0,14.0,9
2024-07-01,780-CAXTR140AUV,48.0,41.0,22
2024-08-01,780-CAXTR140AUV,31.0,83.0,0
2024-09-01,780-CAXTR140AUV,78.0,36.0,0
2024-10-01,780-CAXTR140AUV,43.0,47.0,76
2024-11-01,780-CAXTR140AUV,44.0,44.0,33
2024-12-01,780-CAXTR140AUV,9.0,9.0,0
2025-01-01,780-CAXTR140AUV,2.0,2.0,70
2025-02-01,780-CAXTR140AUV,58.0,26.0,67
2025-03-01,780-CAXTR140AUV,8.0,11.0,29
2025-04-01,780-CAXTR140AUV,3.0,5.0,61
2025-05-01,780-CAXTR140AUV,6.0,4.0,129
2025-06-01,780-CAXTR140AUV,4.0,4.0,123
2025-07-01,780-CAXTR140AUV,49.0,49.0,149
2025-08-01,780-CAXTR140AUV,7.0,9.0,169
2025-09-01,780-CAXTR140AUV,2.0,2.0,165
2019-01-01,780-LRCAUV,0.0,1.0,0
2019-02-01,780-LRCAUV,0.0,6.0,0
2019-03-01,780-LRCAUV,0.0,1.0,0
2019-04-01,780-LRCAUV,0.0,12.0,0
2019-05-01,780-LRCAUV,0.0,17.0,0
2019-06-01,780-LRCAUV,0.0,15.0,0
2019-07-01,780-LRCAUV,0.0,7.0,0
2019-08-01,780-LRCAUV,0.0,2.0,0
2019-09-01,780-LRCAUV,0.0,4.0,0
2019-10-01,780-LRCAUV,0.0,3.0,0
2019-11-01,780-LRCAUV,0.0,14.0,0
2019-12-01,780-LRCAUV,0.0,1.0,0
2020-01-01,780-LRCAUV,2.0,2.0,0
2020-02-01,780-LRCAUV,1.0,3.0,0
2020-03-01,780-LRCAUV,24.0,23.0,0
2020-04-01,780-LRCAUV,5.0,6.0,0
2020-05-01,780-LRCAUV,17.0,19.0,0
2020-06-01,780-LRCAUV,42.0,46.0,0
2020-07-01,780-LRCAUV,68.0,69.0,0
2020-08-01,780-LRCAUV,38.0,36.0,55
2020-09-01,780-LRCAUV,21.0,15.0,17
2020-10-01,780-LRCAUV,17.0,17.0,16
2020-11-01,780-LRCAUV,6.0,14.0,0
2020-12-01,780-LRCAUV,55.0,47.0,0
2021-01-01,780-LRCAUV,0.0,0.0,0
2021-02-01,780-LRCAUV,4.0,5.0,0
2021-03-01,780-LRCAUV,42.0,43.0,0
2021-04-01,780-LRCAUV,33.0,30.0,0
2021-05-01,780-LRCAUV,5.0,14.0,0
2021-06-01,780-LRCAUV,36.0,27.0,0
2021-07-01,780-LRCAUV,5.0,1.0,0
2021-08-01,780-LRCAUV,14.0,14.0,0
2021-09-01,780-LRCAUV,7.0,16.0,0
2021-10-01,780-LRCAUV,0.0,0.0,0
2021-11-01,780-LRCAUV,0.0,2.0,0
2021-12-01,780-LRCAUV,0.0,20.0,0
2022-01-01,780-LRCAUV,88.0,71.0,0
2022-02-01,780-LRCAUV,0.0,0.0,70
2022-03-01,780-LRCAUV,1.0,5.0,70
2022-04-01,780-LRCAUV,14.0,13.0,69
2022-05-01,780-LRCAUV,30.0,20.0,55
2022-06-01,780-LRCAUV,36.0,36.0,25
2022-07-01,780-LRCAUV,33.0,33.0,0
2022-08-01,780-LRCAUV,4.0,5.0,0
2022-09-01,780-LRCAUV,110.0,110.0,0
2022-10-01,780-LRCAUV,40.0,40.0,0
2022-11-01,780-LRCAUV,3.0,30.0,0
2022-12-01,780-LRCAUV,97.0,95.0,0
2023-01-01,780-LRCAUV,56.0,89.0,0
2023-02-01,780-LRCAUV,61.0,55.0,0
2023-03-01,780-LRCAUV,36.0,34.0,0
2023-04-01,780-LRCAUV,40.0,95.0,0
2023-05-01,780-LRCAUV,216.0,297.0,0
2023-06-01,780-LRCAUV,155.0,269.0,0
2023-07-01,780-LRCAUV,176.0,196.0,0
2023-08-01,780-LRCAUV,147.0,266.0,0
2023-09-01,780-LRCAUV,183.0,166.0,0
2023-10-01,780-LRCAUV,181.0,337.0,0
2023-11-01,780-LRCAUV,150.0,129.0,0
2023-12-01,780-LRCAUV,55.0,67.0,0
2024-01-01,780-LRCAUV,55.0,49.0,0
2024-02-01,780-LRCAUV,218.0,224.0,0
2024-03-01,780-LRCAUV,84.0,338.0,0
2024-04-01,780-LRCAUV,180.0,168.0,0
2024-05-01,780-LRCAUV,248.0,199.0,0
2024-06-01,780-LRCAUV,75.0,115.0,0
2024-07-01,780-LRCAUV,161.0,131.0,8
2024-08-01,780-LRCAUV,185.0,185.0,0
2024-09-01,780-LRCAUV,143.0,186.0,0
2024-10-01,780-LRCAUV,71.0,288.0,0
2024-11-01,780-LRCAUV,300.0,311.0,0
2024-12-01,780-LRCAUV,204.0,61.0,0
2025-01-01,780-LRCAUV,86.0,86.0,82
2025-02-01,780-LRCAUV,228.0,228.0,0
2025-03-01,780-LRCAUV,75.0,111.0,0
2025-04-01,780-LRCAUV,130.0,145.0,0
2025-05-01,780-LRCAUV,192.0,180.0,49
2025-06-01,780-LRCAUV,171.0,192.0,0
2025-07-01,780-LRCAUV,142.0,121.0,0
2025-08-01,780-LRCAUV,97.0,120.0,0
2025-09-01,780-LRCAUV,0.0,61.0,0
